sigma^2,N,Error
0.01,30,2.6586953950970957
0.01,50,3.4495788762256554
0.01,70,3.6403926799606547
0.03,30,2.7383143839189468
0.03,50,3.468604813364796
0.03,70,2.7878753140682355
