Factors,Avg_Variance_Explained,Variance_Explained_Per_Fold
1,0.34158948317253135,"[np.float64(0.24962756552492352), np.float64(0.29624318076954503), np.float64(0.3752778017166543), np.float64(0.4543918604513244), np.float64(0.33240700740020956)]"
2,0.5243518454485984,"[np.float64(0.2999518879192173), np.float64(0.36841907333916285), np.float64(0.6792194632963289), np.float64(0.7995787350111173), np.float64(0.4745900676771657)]"
